0125199e55cacd0adf9e44f5dde9eda9cebd3eba5123793295501c72ae94f4f2,15
0274c8324db29bcec000066bad309de788c1f1e5703988df9f597ccda299c6cc,2
0355ed17410b24f20b0710045d35b523a7498ab643cda922a45ea0e60b440d1d,6
05a80ba4525cf83c654aa8eb4290b0272ba71ad4339444de15f92097f7d49250,6
05bd363a72357e619988681483beb1d2836dfa7d78c519a02843c4072acd32c3,19
0636a7969dbd507c72af697778f17ff70ee22bb3a2c3141ab0000d38c0981254,7
07b18dc2601c3373351fe23985ae95005386a35ee48c1d35fb3e3b5809f90225,9
094c4ce72cf072392027128a9844c04ef76172a8ba1419d88c002ebe3a2880b0,4
0deed962e62f9527681bc222331f0df2559f1086bd212ec50fe05296b44e382a,4
0ea38aa626c1a7473e15b8adc663f708d0df543bfe07cfffdaa37c007898858a,2
1054ff997d927848af68ab4968d0d7be8f792b1ec50ab6b6b0cfa925177d8ccb,2
11c092036f3a3b366d30f9ecdd1e69c93706056ffb62d97200e6d861e56fbad7,1
12cb601995c1125dd2378283fadb35188b00496697f65ad9fed131f263912266,9
155921eed1095731220a7a68e2af61f3d7def72655f770df802de7ba10dd40af,2
1a7b4a1592fa75d648ef60d6f2415d6824db0c9d8cfb1e8181b0d88d1420961e,1
1b0016eb16c48b8e26cb75d1ccf6ab19d6d112a89494318864e2db8e4213a48d,11
1bfb08cd02780c5de8aa4cdb4962b376e33f7039d4ef0f76b319d36c43764aec,6
1c780c727617478714e3d1e4cfe6354ea919d93dec3460e12baf2c5a4a489f1c,1
20ae358a8594dfee9163227ba82b38213b6fcab8258193f391d706dfe9104ac4,2
22cf5f272d13e6439eabd06000bf0c8481170f101733b71fa3b6a9441dd8055f,2
253da3402113ed2350ccbefdd6070b92010e101ec3373e35934ee5994e92fa49,1
2626bc4589213119ffcbe9d1f2ffe151bb4691eb618763ce55b6dd644d6cd4c0,2
27871d1a0371a2ba9a4d3934225c1852ef4bb7648c17c1c6457475e341a752cd,3
27e7d4d67491c9552a9b7926731d3dedda4d4b9771cfe212c0edc75c8922fb54,1
28418c20ab6e4fb0dc56b3334f899112a1e173d7995725a79418c5ec80e365d6,11
289fb89045c941cbf18b708838e3833f978f9bc598a3c26b80d3c56b47c8137c,13
29bda7b18338948d5d0bf2048c99a39f949ddb7e22fc5f57572a1bdca7606599,16
2b1bc68de4f1afafe6a48688a9e04b3353d5d24419d5e9ddf29a293d25b949d1,10
2ca49564d54dbd8181edc0f38312661ad2d7cc64df55327de5f2a2d133c568e3,7
2cb1d763b71e281faa37197f31089ef393b9eeba3cfcb7030dc8e27d63690ea0,13
2f7a569b4b347312ca0fb7cab01e97c12b2227b7a6a47847b40f288bf8de22b6,3
322c67baf64c09f35c81eae14adc4702e1408732934453ca1152b7dad2db08bf,7
345ed41b1ace3a2daa6e64bb27206073f0e6f0b2114107f0bed9adcdc2e0b802,5
35616ccc0c03a98860fe5fe233c1e8e8b3ed2f78660be91f9f96fcadcf71e5fe,2
379000bce05cea49fd0aa318bf8a3f11fe52858f18852231752a52d15d3bfaae,1
37df1765fe24d022d618cd4bc20fe293ef195140fa61bb6377706430c864ec71,2
3b7f1dd237b8f066f123596cc562515df48052d43b6b40581e694d08e42534d0,3
3bdf6d54dbe21c0a8fca5f5198d33e65384d76ff6d01292deac0ea23901a1bd7,13
3c16cc47511d8f365a555895f35e2cadb82ba2a30b9a44589414e8601cb0ee3b,1
3f23c362c4f04c3b30c4dd82129b523c0d11aae7dc497c58b796a326436adde1,2
4089803cb3e4a9fd1f0616d4990bc28a858369be1919a603e27d6a024ba646e4,16
40d764568632c15405a745564482a1d3d78b7e4c1c51d11dfde94fa28752ad8d,2
40d84dcc0404607bcf4ad21effed6e111d473cf1317667c1c68c9fe40c01dc39,3
42498251555b5cc46dc1c757fa3b9b5102818e3d335cbf9af986113c9cd16df8,22
43ff6f1e74944abce5e2f5a8e90dbc913be92c4316bb180442b4164acd0f5d82,1
464a6622656c2937bb39de928fbff3a2f974f82c4242753a2439d400748ed65f,1
49306acd6c43d02ad494af2339e77750d15d4e6ee77332e8ff2d1ed18ec79bbe,3
4ae6cc8c2f886cee1a6de07c1a375d785d511a5598ed2ccdcaab194760725dcc,6
4bcecd282640a22206d3df82748495658a0b4ab837d0ad1ed860c210a9e9f330,1
4bfb0af98e07b7cfdc89cd4a80c61c20a419475ef541b584cd36b0487289203d,1
4ce1529a6a54d60a3e6b83d375a0ac817ed120ba6f8968a8abb3dbd1376d6181,4
4d6b088e59e04157efc12a06cfaafdcb548ea7d153cf910ad9d1cee6abc779d0,16
5057345fbb5c282f01f06e6544cdffec169fef3e9f0d72e46bc53d30dac5c177,13
540971a058b54cd7a8a2e72633c90dd849d816ad31e0e8180afbd9d20dae7a74,2
5417aa1b205d0c135dfbb537a04116424de52ac1c72c1528ed2d7bec883816d5,1
565af85b5ec81c666aeb0ddd2866683f30ea87a360a0f1bd0c9c947193070a2b,2
56f5ec6784670772e3cd16756660da548538caacd7b97ec66d80ebbbee8fe5ad,24
59560a8d457644376a3f73ed0c33b6a23c2787fc7084160f7576f8bd5bec06e5,31
595d6475fd8e115533d5294b4ee2727c8f6b1d6e7d550cd25bf4de43c621bf4f,1
59e5534161b2a0c02fb013bde32f89c9ef7b89d2393d731e98fd531a470d4fcc,5
5a6a51b3a6155699f265d215163595bc9ea36b4e8bad29729830c31d3e867cd2,26
5aa0c281344e0e4fd61130f509a1c37529635f72bc3b77f0cd7e1642786e6747,1
5c8991aeb6d59330dd5c19c2efddb88d961f8d1ccc184a6448106ff4ed95605d,24
5c9bf8aa6b311eb6487804b707dfab387b3bf096dd6570ab8435b2a60f026881,6
5d1ff04b48208df2b7028af06f5263c55a06636fbfd0172e91b95f26cc7dede8,3
5de7674d1ef1d2b88b744703d715f8930aa53a930afc5c9c8c6a4fb550cab3f7,1
605e3a49c9693b03e7215a5c1ef25c5cc1c58aa79c7eb782d943d73ef9823956,4
60de6e669f09f9fda3de25c1881aaabe426f897a72212937e9ab2609f0ec892c,22
628217abc666f052ff1b1914b1a883f3fec45afd8054bb6ea42c18d57bd22aea,2
67540448738d5cc06bc7f16d6733fcce3208b70bf0d9c6953363199bb119cc44,1
69532454e676f078b1cf9ca75308c37060830ea776b9fb40200a57074726a978,2
6a126928d1b068b8d26ec510cb8a987f62a955fe36264a041febf93b59382ae5,1
6a96798562a4d4a1cfa3f5d6f0107bd6968f05df2fdb519fa03bb8f44c30c4fb,4
6ce40ddac49a81eb52ff56f47515bfe2ed23c303ef0c52d8e33f0b5c66cf7c04,1
6cf06bf8e03d17470da4160dd4b5c67f44cf50e6e34aa6e9c2a1f855e93f4f5c,7
6e021a74053962930f9258bf2d8363381438b86b5802878fb9ead7623037e508,2
6e5d1d43a20adb5b8d165357709c44351983641eacf2df5a74047bc8afe3109e,14
7300902ab5bdc189477267e11dc598c74ce1ff4918d6cf5f3deeaf4e64524300,12
731d79d4013d72b1d65d2e25806605255ba7d230b4ede22586474562805b7407,1
736da402449686ce49485af6d1b41b9546011766b30c9e4efdf3b86c576093a6,1
751d6f02797649329a1dd1e58fe994dbc61d66e74f9986e339332724cca4deff,2
75df6e0430600311acd4d33315f42352575f1ac5de0ae5b7f25b5a1079bd01de,17
79e196c3c5f55eca9280a10d551e8fea90c4d5a30f0fd11d36e5ab7c23224f3c,19
7c23badca53232a1f67d4770a8124df853a6a63bdb430d1f3e2024d0dfb30d0a,4
7c841effbb3a64b3f15236448acf5a8a7859b2627111214ed42a73c82e834bd7,39
7e0572f81aa841d68075bc547070a36f95e05480b538f9094f3be7debbbb86e6,9
7fe5981f3c44640586e8cd95c4626d400b69f1d92bdb109feab674876b3d812d,15
8112516e6c25612bccc59263bda027bba690d7c7f8f4aec014b15b327409dfce,3
820aabb6d50fcbbbe6fc82e90a1402db54bcc1120264a2669729076a2f5fed52,1
82a2ecb1777c0a258074ae8b7724b675f1a3353187c504ca3ba7521885a90482,1
83e40e5821f7a5e078b55be2bbbab37e62c81f7b7faa3386fe790302468df8b9,3
856734bc961648b077e8a5f836cf3c391b1452a3f9a483bfc1839c8b65875d56,14
85772a2c488471aac6fa53509a0250d15b037ddf8526a5ea69c04502e78c08ef,12
86410366e64d1b716af8865bab82d11413a50cd28c8f02904730eb9654572bfd,4
877a97e2385766934509516b1f3166de9398789580e40457b533a214056fa4ab,2
88ae6b48097ead741a9cc3ab15455d8295d71bbd638389f40d6cf5b1f0395e8e,10
8b409271ef25db151710d36cbcf564af548952ad3d0fe50796491d022614c89e,10
8c51c6b13132b7936e37809362d66bc20249c27f4664bf5c8d0bc60095c2bc94,3
8e517379e286a85b50cbe68d40e0d7aa23457aa32fa895a5c5d2f950c2e507a2,1
90b3c2c9c6d29aba82afa45ff513aa7e55f1e40dd0402f3e4b56910e53481afc,2
911dd4f610d9e7ac77e594f6ddb9276d8cacdf2113d411b64aa750f2a966a848,3
91d545385b977ac80311427c5e73c47c19655063681efb61bcfb25f38ce22ebf,1
921a9ed4831487fe4d6d250841688b73f448e4c8393e8cf769c4e54c9157c77c,6
931bbd496b08aa215398c2cd60d00e9ecc8cd835cdfe2e3725958914a2c9f105,4
95a746e99784a4be4fcff647772624e9bc56dd61741de673199245796615df60,2
9693a73f4b438ddabfa3bebd09f8ccfeabc6142c1e48a522b732f75832586c45,27
96ae5bd6b226ddc5e4289d934258b872d69c532484a06402114336c97823c0bb,12
97b75e545ecc6393b4cfd3be307b3ffc3f121c1ab1ab20eaf232d71c7d2587d9,31
97d7460d086e1242e833b6de8090c42af321ac4809991650497ee107b254ce01,7
9869cad7a412b405a54f01f192ed990336952b89d3c420610f65ed39935b53c0,1
999831f3f6156a61cfe79b79e4c52e670979d86887cb139c0834aec3c03e0991,1
99e45dd95f11079ef0915924f9353f34225db0b6b2c024e35ffc872d2adeed6a,2
9c53964e5328953a6ebe1f966a74b2730332d45c865d4e730fc9c3e91f066fd7,23
9cb7b1e030b9f0135fc15149d12aadbe964d3b3a715f04bbe048fb8ed25f147e,1
9ddfb3e16fcf1b818b8bbee9c9362953499efdfd2bcfeb8c7ad8bc3d901d8620,3
9f10d5d65d74d05f2661f76d73dbe4c993bdfd64e1a19342c6e8f5bfd86209f3,4
9f7a2206c33910e45448650f2ba54991b6586d3488d62eb3e99a38fc46b5267c,12
9f91229c1be1331f0c3b8b8dce616727610f12659c5946908e2d0e5cff789529,4
a237de1c71c57502dfee1401527984c71175b57fe070ee9f57c7dccc46e337f0,11
a62408dd7d44ae100d6fa17d72d891595460cc3ff3df0db38a514a7500708b98,3
a655aab4f36eaf2361e9a6a6bc0b4ba89a490ebe62c6cf1f4541899cdadfd549,3
a6e99bb58796698cedecd315e2ba089ad64f42791207d4cfb76ad8700c71e332,6
abb09cf75f85a3d0c8417c816ff28be1a338f4712a4def14076816e50df7f4e6,1
ac248927bb47916642b7b13096a79191a2f8221eb726b1f3ba58b9e5af30a238,19
ac2fbb713ee31df12ec2752d65c1f5b9f18fcbb979783e560f3800b0406a6f72,2
acab70873a5a042c0c85052d623fae5fcf97df5603eca3f40bee6e7bbcbd633a,1
ae71607e6b431a8014a0ea74f7df12fc90f89f7233eb7e2f7b0daa8cc032971e,1
afd73036726f8dbcc55ad9c2d9913e2d3b01501c2b2077e0c09cd23a1d974a7e,1
b1a0fbd892c49844c7ccab9c81860ec9fcfb6627bbbb939b18d044e44c12e185,3
b48b35fdc55fe48963bbe72f4b5b463247948a1627dacc05ec42f93976738673,6
b53944bad575eb8df64d8d76405698e08114184693dbe9d8030182690ab4027b,11
b6ba0b7aa1a6296f1d8f633022b38637d8f7069b231baefb3ca5663aad07ae60,1
b76d17a9574e86158c108c1daf35a1f2148b11978169787f4ec4426a166bd2f8,1
b96cc96b0bf67b93c77986224fc224c749b74c4d82c89553378068c4bde75023,4
ba546a871031da164de28e5a6ddf0876b2b64deeef1638a5e8a70ba4633e70af,1
ba96ddc589aff726e39cc99cbd29d1552f6cbcd4727d8efb44cd5870defb2809,23
bbfbd288b0d0a240f6fb5eca6cb6c9c96af3651a287002efbb7cda5c8811aa6c,8
bce47d34eed77ad5d667270acb9c1de8e474a1656b7a60f1728e43909026acd8,1
bd1350097c66aaf3eecf6b7c72e97e6fa4c0a27bc2fb3d4364850e6102367f2a,1
bdd84d9133ba284e69ee86a727c2b9d58467a0451264aa98ef93320baa13949e,4
bddb527146a0e7dd624bab0a4df820a8848e770e771cc6011f7e564d77256702,5
be2d90acab3412c98a7f0ff3cfd572ace5faaa2ccbba593a3d3fc25861758a35,21
befaaf1ce563310fd9898aeae694778acf55314dee6bfc00f410df938fb99a0f,11
bf0bcd9b2b2ed9d333fef6a0d0c5bae5c792b39820ddc820e875082b1ed49f0b,3
c0f901e6a870af04bd98e97b9c54e0f2e5e5345c98bc4309822b5b9bea981514,1
c3f64a57c53907f07dd8cef3b37cc9fbd4fb2b60ded3bb0677a599d5400141ca,7
c9d75c96ab706032881578e3a00b828e3e68f3e699efcccad5b3c6f4e2fa2df4,10
cafd0743d986c4558a6c34206f66f54af2471f4fccbbbb9b8a221d8ff0d397c3,1
cead6ef61ad21a39d2d96f3635101302b01ef163f106d459e64d9fabd59734e0,4
cf84e797026b8e2c0dd978aab2a1868e9c8d74474bc2a8d106e782c9d8e61757,3
d2a8b03683d9f0b27c512c1922350d09be86133319d07f64a91ae4bd8a26af01,18
d47ba4c1a8575d5bbb39286216d5cc6159d40f6587ee5923e8d7837d22431699,4
d91b7a2b98e7069c90d6661d4329f9ccff563ee4ccd845cf1ec83b3b6166d932,1
db957edc127d5b62f3596194dcaed9bf7b29926074f8e5e216182a6473c67f5e,5
dc29775cb3baf741624d0e0075001994275f7f652a138286b79d6ac552c99a67,2
df8d17cbde4964be012ec501b0b64cb3a6bec55b0d2ed3a252e662355c3cb65c,1
dfed53a7a29dc892295e156be1f020c20bb9bf2b9ea68f5413b152654f782bfe,6
e03f21f81d49d0aba1809dee4d3e163ec30034c0cd6ac09268ce7a3b9a3c1aa7,11
e087a92a737b529007f45743b05d07298e71312e05e885c109a30b0e64b9adac,2
e4d0c17c3c481d0eecc34d8a57689cb23fdc269e57dcc98964035cbb7a424c09,4
e552a4519f928b2eb7a4538f6446177bff863b6eae49093ba571f6c16934dce0,3
e77b901639de9689b996188d1f6d47eda72e0279dc827e5e88de871dc88cb3fa,1
e79ccf560c889f865defa0867aa83d6ad9d87dcf2f4506a4a68dbf772a4ffda0,3
ea93940807da0180388c728e88530be85a329557fd9e27cb75aba4cd4a115dc8,5
eb05eb9f9ea8ee7159a171332611f9558e80bf4f52e0222eb3043a68feea546e,1
eb750a9ca643fb283bd6db6124fd9f90593974aac70b598262cb603ee5f3266c,3
ece43f4591e46e628545a4384f7a00e4ee7deebbcd528f2db749bfe7401583dc,10
ef77ee92530395baeae3853d8a03d0f6a027af468074e31c11a9fbf8dff1d552,5
efd9de2d88b49a41a7c1d7bd52fdbef0fab641f5ee5bbd000b7308d496c01daf,2
effca60377b4ceb1cb5fe4d890aa3d495b047ff2e6de327293fe78a4617a4dbb,5
f3cb974fad852e5752b966c786c648f4d3f88294b1f1f58e05cec147881517ee,2
f7291b0490075e30e08b45579a6f9c2ea7707f33660b87442992813a627c1f4f,2
f935565b13f9fcf91393d942552aaf56ce59fd158954c38d64c7df9b0ceff859,1
ff04d75f8c0e87a300676b756f843ae55ea6c310bae762862e01c53ac0f56e1f,1
